dataset,method,rmse_to_clean_mean,rmse_to_clean_std,rmse_to_clean_count,mean_l2_to_clean_mean,mean_l2_to_clean_std,mean_l2_to_clean_count,mean_distance_to_clean_cloud_approx_mean,mean_distance_to_clean_cloud_approx_std,mean_distance_to_clean_cloud_approx_count,median_distance_to_clean_cloud_approx_mean,median_distance_to_clean_cloud_approx_std,median_distance_to_clean_cloud_approx_count,q90_distance_to_clean_cloud_approx_mean,q90_distance_to_clean_cloud_approx_std,q90_distance_to_clean_cloud_approx_count,normal_energy_ratio_mean_mean,normal_energy_ratio_mean_std,normal_energy_ratio_mean_count,normal_energy_ratio_median_mean,normal_energy_ratio_median_std,normal_energy_ratio_median_count,normal_energy_ratio_q90_mean,normal_energy_ratio_q90_std,normal_energy_ratio_q90_count,tangent_energy_ratio_mean_mean,tangent_energy_ratio_mean_std,tangent_energy_ratio_mean_count,tangent_energy_ratio_median_mean,tangent_energy_ratio_median_std,tangent_energy_ratio_median_count,tangent_energy_ratio_q10_mean,tangent_energy_ratio_q10_std,tangent_energy_ratio_q10_count,local_spectral_gap_mean_mean,local_spectral_gap_mean_std,local_spectral_gap_mean_count,local_spectral_gap_median_mean,local_spectral_gap_median_std,local_spectral_gap_median_count,local_spectral_gap_q10_mean,local_spectral_gap_q10_std,local_spectral_gap_q10_count,local_effective_dimension_mean_mean,local_effective_dimension_mean_std,local_effective_dimension_mean_count,local_effective_dimension_median_mean,local_effective_dimension_median_std,local_effective_dimension_median_count,local_effective_dimension_q10_mean,local_effective_dimension_q10_std,local_effective_dimension_q10_count,local_effective_dimension_q90_mean,local_effective_dimension_q90_std,local_effective_dimension_q90_count,velocity_tangent_alignment_mean_mean,velocity_tangent_alignment_mean_std,velocity_tangent_alignment_mean_count,velocity_tangent_alignment_median_mean,velocity_tangent_alignment_median_std,velocity_tangent_alignment_median_count,velocity_tangent_alignment_q10_mean,velocity_tangent_alignment_q10_std,velocity_tangent_alignment_q10_count,velocity_tangent_alignment_zero_velocity_fraction_mean,velocity_tangent_alignment_zero_velocity_fraction_std,velocity_tangent_alignment_zero_velocity_fraction_count,velocity_neighbor_direction_agreement_mean_mean,velocity_neighbor_direction_agreement_mean_std,velocity_neighbor_direction_agreement_mean_count,velocity_neighbor_direction_agreement_median_mean,velocity_neighbor_direction_agreement_median_std,velocity_neighbor_direction_agreement_median_count,velocity_neighbor_direction_agreement_q10_mean,velocity_neighbor_direction_agreement_q10_std,velocity_neighbor_direction_agreement_q10_count,velocity_neighbor_direction_agreement_zero_velocity_fraction_mean,velocity_neighbor_direction_agreement_zero_velocity_fraction_std,velocity_neighbor_direction_agreement_zero_velocity_fraction_count,velocity_smoothness_mean_mean,velocity_smoothness_mean_std,velocity_smoothness_mean_count,velocity_smoothness_median_mean,velocity_smoothness_median_std,velocity_smoothness_median_count,velocity_smoothness_zero_velocity_fraction_mean,velocity_smoothness_zero_velocity_fraction_std,velocity_smoothness_zero_velocity_fraction_count,displacement_mean_mean,displacement_mean_std,displacement_mean_count,displacement_median_mean,displacement_median_std,displacement_median_count,displacement_q90_mean,displacement_q90_std,displacement_q90_count,displacement_relative_to_local_scale_mean_mean,displacement_relative_to_local_scale_mean_std,displacement_relative_to_local_scale_mean_count,displacement_relative_to_local_scale_q90_mean,displacement_relative_to_local_scale_q90_std,displacement_relative_to_local_scale_q90_count,failure_count
flat_rotation,pca_90pct,1.0451084772101298,0.019143937513638274,10,1.0210892039213604,0.01936928777694705,10,0.9459950618167454,0.020563213299430595,10,0.9456062713816469,0.020633167357497956,10,1.2198860728509464,0.032671407462601526,10,0.5733109166083662,0.0064380038712613,10,0.5733978306040689,0.007649995542451117,10,0.6134077992512986,0.00676672768760329,10,0.4266890833906043,0.00643800387128281,10,0.42660216939487255,0.007649995542473963,10,0.38659220074766176,0.006766727687621088,10,1.308245957242794,0.02158355434691676,10,1.2734292773412417,0.024511923873982835,10,1.0979336167728593,0.009989773497202701,10,6.890712550670311,0.1003790207022292,10,6.899341771260379,0.12821441185461122,10,6.258608419439769,0.13778820983588755,10,7.518754295787273,0.07736119803565385,10,0.5310299595987968,0.02440837428966478,10,0.5419102309745119,0.03412705451222014,10,0.27082602350189217,0.03399617022050539,10,0.0,0.0,10,0.5025353428683245,0.015644541827533238,10,0.5195479332100958,0.02398817483738407,10,0.2588618410777154,0.034842444315840417,10,0.0,0.0,10,0.16190871931422274,0.019427187395813127,10,0.16866784384343542,0.02133601312009161,10,0.0,0.0,10,0.3629655081559899,0.012742837011878037,10,0.3506272870907031,0.012797663042529654,10,0.5569702947013117,0.02976541312413332,10,0.23688157433934381,0.008733716069201708,10,0.3635829324765737,0.02143930570472451,10,0
flat_rotation,pca_95pct,1.0919695529952187,0.021343484934178262,10,1.0699400181903747,0.02231773877340544,10,0.9990455201394832,0.0230681295194446,10,0.988255086270265,0.027338932420099948,10,1.274036632102471,0.03855574466803295,10,0.6007534328243704,0.0104412512611864,10,0.6018087605837662,0.011793475754056666,10,0.6391404056463437,0.008826224097413609,10,0.3992465671746956,0.010441251261184272,10,0.3981912394153038,0.011793475754051964,10,0.36085959435269654,0.00882622409737976,10,1.2994807690115269,0.027322352141379035,10,1.2686593827370918,0.03161130110279537,10,1.0922757351587777,0.016950135992895004,10,7.600713251705287,0.22586488104325164,10,7.608833649953615,0.23689059215969935,10,6.90677011607702,0.27556229522367515,10,8.2638522558456,0.1883154791299765,10,0.5034529942844712,0.02945719709601472,10,0.5138505349018143,0.045307290008459324,10,0.2464992270506309,0.029012666591505955,10,0.0,0.0,10,0.46317291540522587,0.022578094275438977,10,0.47732612767862637,0.026898184679394064,10,0.23188861151264012,0.0428051400647096,10,0.0,0.0,10,0.14576055012507289,0.02119979939581316,10,0.1511265065591672,0.02442664539217914,10,0.0,0.0,10,0.1885368426908184,0.037589798572255285,10,0.16508949286397323,0.048123845511525404,10,0.36938658449876033,0.03489933558188012,10,0.12285311716054456,0.023276236612797752,10,0.24098969430077605,0.02177402051325843,10,0
flat_rotation,pca_rank_2d,0.6972266011428189,0.02066443701156773,10,0.6605451707897166,0.02156985877176537,10,0.5353531946000226,0.020242295249597492,10,0.5090127821914574,0.028056574811890805,10,0.8362845501456926,0.04276659177637329,10,0.30033703910008286,0.005953161626040666,10,0.2995809077705938,0.008520206741345737,10,0.35520544171104407,0.0086585941265712,10,0.6996629608973359,0.005953161626017337,10,0.700419092226652,0.008520206741234928,10,0.6447945582863707,0.00865859412641232,10,1.5230989947445148,0.03501998396286504,10,1.4580501524404506,0.048546157874119825,10,1.1632585255198853,0.019907463601797782,10,3.2627653082303056,0.03881705374961247,10,3.279139087558074,0.04635406019457848,10,2.913021648839999,0.06162142806879313,10,3.58532920032334,0.03640633044689321,10,0.7834842681027137,0.013294001326294998,10,0.8418029677222201,0.0193681593222563,10,0.4923141894433815,0.04733596921380529,10,0.0,0.0,10,0.7907193277338697,0.01350626931129777,10,0.8406282445869963,0.01377510880676095,10,0.5573246501149999,0.04023934496206547,10,0.0,0.0,10,0.31797734946327505,0.035148728179271435,10,0.3572911251939833,0.042442460056699806,10,0.0,0.0,10,0.8548122147813328,0.018577563777964917,10,0.8494397841996527,0.026097629049418668,10,1.0984069721859009,0.03804935050671944,10,0.557850619741219,0.012510261426658537,10,0.7166178384912499,0.017513312918099076,10,0
flat_rotation,pca_rank_5d,1.0134450357514277,0.01954117724176975,10,0.9885241311166919,0.01954713019711746,10,0.9104291743689558,0.020562203518007797,10,0.9001197844635547,0.02751032352013159,10,1.1866459304275303,0.03288995649775427,10,0.5553100909328811,0.00750884447522624,10,0.5564035724471385,0.008454422406131621,10,0.5979477264497455,0.006465695102599155,10,0.44468990906601513,0.007508844475251961,10,0.4435964275517542,0.00845442240613649,10,0.40205227354906137,0.006465695102605395,10,1.3201770086169144,0.02622362104003488,10,1.284811846115907,0.023862410283660138,10,1.1024880428561115,0.015077091069360869,10,6.473071249713842,0.1022622188511317,10,6.4885748597886534,0.10258901169708258,10,5.876282289782432,0.144061463950564,10,7.0652519156842875,0.09394003938654681,10,0.5503615092400611,0.028176651054532324,10,0.5724011411196672,0.035697245999003355,10,0.2809007306219386,0.03176379792767684,10,0.0,0.0,10,0.5253001964378272,0.016979829120598883,10,0.5430337593662253,0.024731772072359232,10,0.2748466846648512,0.029040182213735832,10,0.0,0.0,10,0.1728429411616027,0.01937748592478177,10,0.18074709375345668,0.022137514727355073,10,0.0,0.0,10,0.4426098618768178,0.011763237523373216,10,0.4334172459872107,0.010800628578516285,10,0.6534154972131254,0.03276455975053603,10,0.28889968278451256,0.009700971104392131,10,0.4265486507982453,0.02377586980797209,10,0
flat_rotation,pca_rank_d,0.47930853595557965,0.02392803935594826,10,0.4420525343133406,0.022639557773996326,10,0.24918486996954833,0.01802858005463306,10,0.2171138380782378,0.021136543062444293,10,0.40204284446324656,0.035092304320711996,10,9.449224034492266e-17,1.1160511046683344e-17,10,7.588044215766235e-17,1.0429367212021899e-17,10,1.9461140152161155e-16,1.7376255986832206e-17,10,0.9999999999937224,6.330594242428414e-13,10,0.9999999999938536,6.943765964001276e-13,10,0.9999999999915969,1.069428419039599e-12,10,60374554026.44778,5266846878.618991,10,58152515178.22318,5668518865.496083,10,41990077474.68876,5434794353.451803,10,1.8347234503916916,0.01437360858341277,10,1.8671179972937437,0.022940003541760044,10,1.6333989566396276,0.03024068491603473,10,1.9755379305176988,0.009030121090767264,10,1.0,0.0,10,1.0,7.401486830834377e-17,10,0.9999999999999994,1.1102230246251565e-16,10,0.0,0.0,10,0.9646069939348166,0.008389180851008524,10,0.9950946831358932,0.0014283532041368795,10,0.9156969634783909,0.028303967315146058,10,0.0,0.0,10,0.4514903581384793,0.036400305162646064,10,0.5238263393677841,0.03454943971788799,10,0.0,0.0,10,0.9921003537869748,0.020204831698149957,10,0.9824332398574833,0.02726466626533987,10,1.2576263748571601,0.04248648035563638,10,0.6473840476038252,0.01005982016024428,10,0.820351999068226,0.010510672221149084,10,0
flat_rotation,position_only_manfit,0.5664004839186496,0.02887155301284522,10,0.542111970134869,0.02888786856642531,10,0.40582072029492827,0.03526252818245403,10,0.3814023080415171,0.036156562351166086,10,0.6057889782701674,0.05175679477650153,10,0.3614332812161315,0.023117064968869776,10,0.3595931162245029,0.024009182300919443,10,0.4399177198449493,0.024959019136718625,10,0.6385667187779356,0.023117064968683345,10,0.6404068837695718,0.024009182300614607,10,0.5600822801490741,0.024959019136637176,10,2.01328225569189,0.2348917537359739,10,1.8707926602841596,0.22957548163797906,10,1.2894264909052642,0.11309199679900805,10,4.049766142400882,0.21059997823295482,10,4.03329696488378,0.23211935775659817,10,3.275727136758467,0.21363760951135788,10,4.884995674868363,0.2383085597096442,10,0.5231987077595242,0.01735352585447849,10,0.5409286243441582,0.024007023019315774,10,0.265684126452235,0.03815067143503872,10,0.0,0.0,10,0.4772491852936426,0.018035109334339293,10,0.49337502248593673,0.02394967848913345,10,0.2625538735961802,0.030602106292340687,10,0.0,0.0,10,0.16024604904209247,0.019739313986121027,10,0.1699933370773275,0.02170475314592286,10,0.0,0.0,10,0.7761219672065716,0.008243057566952414,10,0.7815107102084748,0.01096322305920021,10,0.888973562844779,0.012842319750529437,10,0.5066955310748116,0.016164593178950207,10,0.5802652951949897,0.01546486800451198,10,0
flat_rotation,raw_noisy,1.1159665431040582,0.019065916599452715,10,1.095252541549398,0.01942707338644906,10,1.0263111857345524,0.02070173794794832,10,1.0150538905007942,0.029115202286294307,10,1.2902568598950421,0.039784366411644866,10,0.6142307121802484,0.006757978934522922,10,0.615195942942624,0.00783749298478051,10,0.6498713816851579,0.0049393763140276655,10,0.3857692878188623,0.006757978934543431,10,0.3848040570564871,0.007837492984782217,10,0.35012861831395925,0.0049393763140883964,10,1.2934523909271334,0.027047786969045633,10,1.2617024426517771,0.03665982153023279,10,1.0940683549913182,0.010422111753973036,10,7.9986598458794065,0.13075139399049934,10,8.016506983660802,0.14189609745867474,10,7.318536739212246,0.1632989494748089,10,8.700619212796159,0.10650943013232672,10,0.4853533550828345,0.02443854010069154,10,0.493618880952387,0.037784580845388646,10,0.24306566265453872,0.02889793639560743,10,0.0,0.0,10,0.443825897390846,0.02145827824422373,10,0.4556527885047731,0.02780039053006461,10,0.21943976332791096,0.03902288495810237,10,0.0,0.0,10,0.13647499845894945,0.01773581444685588,10,0.1418665683730699,0.01772760850690183,10,0.0,0.0,10,0.0,0.0,10,0.0,0.0,10,0.0,0.0,10,0.0,0.0,10,0.0,0.0,10,0
flat_rotation,velocity_manifold_fitter,0.508963534610351,0.015855222506357288,10,0.4871193134286468,0.016522046939206315,10,0.341848375537758,0.013490053669872146,10,0.33112482661787074,0.012332620964189678,10,0.45213983475840996,0.026392475693864322,10,0.28526257746936295,0.032857578421901915,10,0.28544084721409757,0.031254668060493464,10,0.3620560241501497,0.04063475267039878,10,0.7147374225246067,0.03285757842217199,10,0.7145591527798284,0.03125466806085301,10,0.637943975843273,0.040634752670852245,10,2.7325783573150546,0.6127593537969159,10,2.5111681634893346,0.5581716435040264,10,1.5649166207326888,0.32935387204538963,10,3.362773221649204,0.2342467750890807,10,3.336987699916166,0.24502699506062584,10,2.6835532406512925,0.17997308958132976,10,4.0652753689624905,0.3161910532873286,10,0.9467460367820587,0.023154796056778247,10,0.9713851123450391,0.011675416282689158,10,0.8880843239214704,0.048143277151747585,10,0.0,0.0,10,0.8106435307769904,0.02837884113144462,10,0.8445505699081515,0.020011161731415428,10,0.6405050530757205,0.06231380320485202,10,0.0,0.0,10,0.41725347681407704,0.043336486402412375,10,0.4927541063491412,0.04459548372325097,10,0.0,0.0,10,0.8174096745760047,0.01898382841683142,10,0.8102500602112809,0.02908151988198097,10,1.0436095390283655,0.03176454351421249,10,0.533337031262485,0.006294965442033939,10,0.6808221559517001,0.009292944658133413,10,0
flat_saddle,pca_90pct,1.048719146559605,0.015578650627747733,10,1.025429647028803,0.013739661654292313,10,0.9500837042673602,0.015479033331221945,10,0.9407853024633752,0.013841653591003452,10,1.2383711955437104,0.03351695604302315,10,0.5673116235546939,0.008181787181794707,10,0.5708516741470534,0.008764755472237002,10,0.6125443078024386,0.008797519900465706,10,0.4326883764443242,0.008181787181815987,10,0.42914832585198576,0.008764755472210901,10,0.3874556921965522,0.00879751990049977,10,1.3299648850243933,0.02501384912698658,10,1.2929108521801072,0.030644082128016493,10,1.103820712402725,0.01766576712153958,10,6.800356806048599,0.12744209653263752,10,6.835910563385457,0.13768006504834052,10,6.067625751271527,0.17427910626390689,10,7.497610190414234,0.1468205223697186,10,0.5144413994883346,0.022770121510390186,10,0.523951943453004,0.02645691846474803,10,0.2525486732262465,0.029593342645306137,10,0.0,0.0,10,0.48566820756608065,0.014720843246062949,10,0.5142771173864551,0.024204409769378703,10,0.19211630594343165,0.03252889081344135,10,0.0,0.0,10,0.19650237528678097,0.02350416433811287,10,0.20638564950957855,0.028068890124289286,10,0.0,0.0,10,0.3631371119341766,0.009345194173512462,10,0.3556084746301379,0.016773993630812594,10,0.5629132016811063,0.025808312518276227,10,0.23207482275342595,0.006740199018492911,10,0.35974181917803993,0.016966277103527945,10,0
flat_saddle,pca_95pct,1.0874231145775937,0.021373989889723628,10,1.0659883948224487,0.01993525282910418,10,0.9943279278047852,0.020559602134139498,10,0.9852961158872372,0.0248287042207732,10,1.2779243927532389,0.03842229285136716,10,0.5904276459027816,0.01339269455785901,10,0.592694075176503,0.011939516138379357,10,0.63366294521982,0.012202916493144712,10,0.40957235409631565,0.013392694557859885,10,0.4073059248225858,0.011939516138373298,10,0.36633705477924006,0.01220291649315517,10,1.3161374275782163,0.025959911059499585,10,1.2784370569970749,0.028098728241214274,10,1.0995350564667894,0.017330674962171933,10,7.3871833558750355,0.3015978251078212,10,7.4176859220221925,0.2966249060826245,10,6.619582093078755,0.3572939366092067,10,8.142504247462373,0.2743452931348876,10,0.4956011215872736,0.024423405577876138,10,0.5071691593816381,0.03194867793432778,10,0.23581261302105205,0.02292286123699585,10,0.0,0.0,10,0.4588188822115008,0.01407885194556023,10,0.47967295850075126,0.013705576840285236,10,0.18983272665224574,0.03414804559756476,10,0.0,0.0,10,0.18183050568634504,0.022838699727217703,10,0.19038673048050345,0.026377564392427368,10,0.0,0.0,10,0.22557923176862058,0.05337953951538979,10,0.20588885159337175,0.06155771533832917,10,0.3939711227069439,0.05362714322666168,10,0.14382548227213782,0.03257567189987001,10,0.2514812696336404,0.03183737432051775,10,0
flat_saddle,pca_rank_2d,0.6924998163688783,0.01341702098700257,10,0.6533887243334717,0.013548946242036612,10,0.527990080748734,0.017624230835367176,10,0.49321401534767484,0.019520602331265742,10,0.8388948097626134,0.025030001148852732,10,0.2954151362264136,0.00889678213427967,10,0.29664331524547355,0.009820987896936997,10,0.3517347964981904,0.009087634136667865,10,0.7045848637711749,0.008896782134231498,10,0.7033566847521011,0.009820987896782742,10,0.6482652034993415,0.00908763413666689,10,1.5580288952781687,0.055140170807356594,10,1.4789523966183482,0.05330931326076967,10,1.1544220071818532,0.031019947533614256,10,3.23165560481742,0.051971033253698666,10,3.2575580801432458,0.05037569234357731,10,2.8380352244751874,0.08579290178713644,10,3.564292345724558,0.044791484285680166,10,0.7545855760563496,0.01941287168417569,10,0.8081278272997828,0.027173696520336715,10,0.4550906704284875,0.04103691969805562,10,0.0,0.0,10,0.7647267327571677,0.013716148125892919,10,0.8416700880560006,0.015589964140126214,10,0.44773818213189215,0.05972302890062087,10,0.0,0.0,10,0.35606916902752006,0.03585763770242769,10,0.3932782436776725,0.040404714455968986,10,0.0,0.0,10,0.8597170533034383,0.015658614552195402,10,0.8522267600819775,0.018220065597091172,10,1.1144452461382675,0.04217497526793661,10,0.5493880149120858,0.009952242525715912,10,0.7121690830187225,0.026782613233828155,10,0
flat_saddle,pca_rank_5d,1.0176708275627069,0.0150094826318824,10,0.9930717476876157,0.01319938208448447,10,0.9151323776885709,0.014695807184381836,10,0.9032245240635589,0.023057784445336526,10,1.202365323910613,0.0363424870933753,10,0.5477604858591727,0.00748797809330872,10,0.5486124295731443,0.00744990993582368,10,0.5964005378904669,0.00963919289154293,10,0.4522395141397807,0.007487978093337692,10,0.45138757042580063,0.007449909935854719,10,0.4035994621084586,0.009639192891548543,10,1.3394196165999253,0.025923465432767093,10,1.2925838152851363,0.030342790411565047,10,1.108586128726174,0.018490585690667506,10,6.372882087644137,0.1115603603439089,10,6.3695036766558,0.12219554363778759,10,5.665552644196018,0.15770672658887908,10,7.067120397763253,0.12391972150491863,10,0.5379683437453096,0.019883188661763352,10,0.5539334265246285,0.029034405559951817,10,0.25545882421559196,0.03143490223594282,10,0.0,0.0,10,0.5072175983824659,0.01219242875079403,10,0.5417712364473967,0.02658385888886369,10,0.22320911178690112,0.02944678066945715,10,0.0,0.0,10,0.20849903356570798,0.027136356379446204,10,0.2200142831278197,0.026542833655901737,10,0.0,0.0,10,0.4404277626021112,0.011513794422220542,10,0.43070331013691565,0.01464121783076723,10,0.6400304861817733,0.019563163248606283,10,0.28144239338339044,0.007094183053514052,10,0.4090389161603241,0.013880152065323174,10,0
flat_saddle,pca_rank_d,0.470575188277087,0.013188897355321296,10,0.43094805318573925,0.009989313817447533,10,0.23761083643687025,0.01972006047291985,10,0.20170455221192465,0.017961923903235207,10,0.38681928473984656,0.0348019462524075,10,9.207386833963078e-17,1.1293362055594034e-17,10,7.491907283637378e-17,1.1791009060031055e-17,10,1.7952635163454257e-16,2.142638629857125e-17,10,0.999999999994448,5.51994560115703e-13,10,0.9999999999945203,6.375165697226601e-13,10,0.9999999999922149,1.1091439006217503e-12,10,71423998526.09494,5634779053.212265,10,67465624181.56246,8852923634.52649,10,46731502935.03558,6395826613.568966,10,1.8430509454129218,0.020540058474456967,10,1.8766015350763994,0.020835182049792785,10,1.6608784312319078,0.04897718771095688,10,1.9786035626410694,0.006542272399500624,10,1.0,0.0,10,1.0,3.700743415417188e-17,10,0.9999999999999994,6.409875621278546e-17,10,0.0,0.0,10,0.9360292068250452,0.011200137012780107,10,0.9951961654130945,0.0015784188803943066,10,0.8587040348367131,0.053950736524925734,10,0.0,0.0,10,0.4748192063478805,0.04488353168047939,10,0.5437437500577558,0.047185849008013106,10,0.0,0.0,10,0.9976069683555012,0.017928656659011288,10,0.9876653740615907,0.02443117765618883,10,1.2695432616600022,0.043069927583304995,10,0.6375006522644643,0.011198162353057832,10,0.8109933846950256,0.014891161126535891,10,0
flat_saddle,position_only_manfit,0.5882875130291899,0.015462986365385387,10,0.5615385144778451,0.014913519749935352,10,0.42039265484023397,0.02286289879437855,10,0.3896901222279812,0.023834365725738074,10,0.6393787146328308,0.04047131601831614,10,0.3518228290906926,0.014992808305278505,10,0.3532073285276939,0.019366096714497644,10,0.4383180175719919,0.020554604692095226,10,0.6481771709042253,0.014992808305241405,10,0.6467926714670161,0.019366096714519217,10,0.5616819824227679,0.020554604692386073,10,2.0314318304254,0.2174742848060021,10,1.8804729012743455,0.2458999449050797,10,1.3188235905052295,0.12237514392556444,10,3.9336390050581955,0.15288741839663045,10,3.9133685935745968,0.17937332137251144,10,3.0886472992834024,0.22676717554184617,10,4.830945361496489,0.2220832140829401,10,0.5245783788129851,0.01809108392236419,10,0.545851442040947,0.024902076071531717,10,0.248015997053823,0.023104446082445648,10,0.0,0.0,10,0.47223389808205124,0.018610319053766367,10,0.4946149454808113,0.026506818558676308,10,0.20552378044303365,0.04235664139186541,10,0.0,0.0,10,0.1863562020370111,0.02387430518809738,10,0.19819190361440175,0.026563366478096772,10,0.0,0.0,10,0.7708369336806796,0.008598146294237245,10,0.7688970856010569,0.012056747725782196,10,0.8939057622656316,0.01506073769682711,10,0.49275900509634185,0.01468587653635353,10,0.5713605184891642,0.01585224363985507,10,0
flat_saddle,raw_noisy,1.118928704000807,0.01691470134754218,10,1.0986330373402398,0.014875819352332809,10,1.0296614569868585,0.01641656996171937,10,1.0192686302903406,0.0145670953306926,10,1.3031286561449231,0.04462789537352474,10,0.608247920278069,0.006920026245099428,10,0.6089824440069742,0.007151010144270417,10,0.6504931083101961,0.006503219608151976,10,0.39175207972108184,0.006920026245124276,10,0.3910175559921815,0.007151010144291382,10,0.34950689168892807,0.006503219608192857,10,1.3125437780223395,0.02962655482831706,10,1.278801365193642,0.04272431665732865,10,1.1033740654454847,0.013738372820811336,10,7.898745689704896,0.13271360427912393,10,7.913228902833754,0.1635470479455848,10,7.098845199959027,0.1812919211103689,10,8.702302701183166,0.11724205967545905,10,0.4730631271363655,0.02036430067955058,10,0.48428216854691797,0.025010477984357522,10,0.2205056571896466,0.038936243342308365,10,0.0,0.0,10,0.4378256780216604,0.012896535533734724,10,0.45407899251664424,0.019743151599404072,10,0.1824957047462144,0.026487483435034893,10,0.0,0.0,10,0.16751567351836028,0.02068594305994761,10,0.17309684151806898,0.02223968937672016,10,0.0,0.0,10,0.0,0.0,10,0.0,0.0,10,0.0,0.0,10,0.0,0.0,10,0.0,0.0,10,0
flat_saddle,velocity_manifold_fitter,0.5191427350782132,0.02073530356505593,10,0.49433636405561276,0.020813263668401437,10,0.3405189106577557,0.014254029377891605,10,0.32127696920054355,0.015090170617576639,10,0.45832296499822417,0.026055271202630872,10,0.24830551623944558,0.024221062216605412,10,0.2534112099845697,0.028788741043019227,10,0.3435699894931552,0.04432599085244178,10,0.7516944837551479,0.024221062216911116,10,0.7465887900096154,0.02878874104352038,10,0.6564300105005795,0.04432599085336096,10,3.5578831034721334,0.5771130049346929,10,3.0478860523890416,0.641581389901584,10,1.6529742724898342,0.3613700941822123,10,3.133636009729133,0.1676211806948357,10,3.1102942921944265,0.18652183630783983,10,2.3722524733953247,0.11682425053977002,10,3.906941342869677,0.3395643717031166,10,0.9607711519650923,0.013130740044276548,10,0.9786365762954435,0.005903648414561158,10,0.9131458604239668,0.03313872039754331,10,0.0,0.0,10,0.8027082853129379,0.021767775051531862,10,0.8560391055428953,0.020739584318653633,10,0.6401899235759381,0.0567243887968018,10,0.0,0.0,10,0.43053280100615005,0.04661553497393337,10,0.5053192284011107,0.04569740280366875,10,0.0,0.0,10,0.8221079934490889,0.017078633811855898,10,0.8122986541569948,0.013328525740344573,10,1.0647814942703826,0.02762204945579017,10,0.5253174134758491,0.00857735685753994,10,0.6803760227869907,0.015050917881879412,10,0
flat_spiral,pca_90pct,1.0514785228323187,0.01547560638375926,10,1.0295987540357119,0.014062576779605592,10,0.9547137762023743,0.015312540003284612,10,0.9447556945762358,0.013410824011833055,10,1.234556064626561,0.047223043498075094,10,0.5811394182988838,0.006122037096144322,10,0.5823692226050421,0.007001838616605624,10,0.6201496042324818,0.005793413329766226,10,0.4188605817000794,0.006122037096147486,10,0.4176307773938991,0.007001838616666674,10,0.3798503957664533,0.005793413329751192,10,1.3005588196373579,0.026941583509561037,10,1.268669672220328,0.02911662531714996,10,1.1012186978538396,0.013018637889407526,10,7.0230759219486405,0.10423937024898249,10,7.039203375058582,0.10357724474565623,10,6.405786330014419,0.12664362286148606,10,7.634168572393003,0.11112446799182175,10,0.5317834293092176,0.01804743045107234,10,0.5447034923766568,0.027838081275594152,10,0.24906256163027463,0.0209941242779369,10,0.0,0.0,10,0.41138955356463336,0.01850957579408256,10,0.4151819520195275,0.019708476067448567,10,0.16287393177383963,0.023437941986057302,10,0.0,0.0,10,0.21080111726445416,0.021308022530274993,10,0.22403748726216838,0.024033740475084085,10,0.0,0.0,10,0.3685735672623047,0.009020444105032976,10,0.35529151943383724,0.014931545094872704,10,0.573437269055349,0.022593309036489602,10,0.24089230965070846,0.005084188231463856,10,0.3747691438650376,0.013424579224082732,10,0
flat_spiral,pca_95pct,1.100422963770661,0.017020016986685715,10,1.080646011813887,0.015856484226010728,10,1.010131379785823,0.015807296176551154,10,0.9940971595405236,0.017696554942611405,10,1.2881505900498946,0.04383770303109301,10,0.6094699198630358,0.007877448091915668,10,0.6114506722635464,0.0080640432125483,10,0.6457389008512987,0.0079916353471082,10,0.39053008013603535,0.007877448091919866,10,0.3885493277355386,0.008064043212549065,10,0.35426109914772436,0.007991635347126566,10,1.2829978024311453,0.02239496404505615,10,1.2522425076276669,0.024294447851907177,10,1.102674430176998,0.01266181466001255,10,7.768613210204579,0.17356917342387798,10,7.797274713934326,0.18577907913426184,10,7.086256325904747,0.1585436552873694,10,8.426900838620877,0.1936206746849658,10,0.5056968154218137,0.017296604051539776,10,0.5135547582245862,0.027693601368710397,10,0.24518625488194212,0.01634488483534465,10,0.0,0.0,10,0.38127485818035345,0.023280532532627154,10,0.39130505087901263,0.02547165281225277,10,0.1426495004731145,0.027175876376080637,10,0.0,0.0,10,0.1963198002654316,0.018868790261241802,10,0.20404470841093775,0.020585958630219486,10,0.0,0.0,10,0.1837724390084965,0.02937339335017639,10,0.15995336946234118,0.036894597569049996,10,0.36204530869933693,0.03696208466937079,10,0.12009518034623182,0.018993208803886115,10,0.23656211964905158,0.023224291348292552,10,0
flat_spiral,pca_rank_2d,0.6993841785296567,0.01220658101592608,10,0.6626316096602296,0.010899303624077868,10,0.538474540014116,0.014438409196726523,10,0.5142581189680658,0.023495070846692043,10,0.841717416322928,0.020949533818732425,10,0.3087508771442758,0.008888066956898946,10,0.30998706638517326,0.009693400904903138,10,0.36334503266713825,0.012616459239459078,10,0.6912491228530404,0.008888066956874493,10,0.6900129336122406,0.009693400904947037,10,0.6366549673301667,0.012616459239544686,10,1.506591617022914,0.058036867099844645,10,1.4349827797943746,0.047698221859815745,10,1.147749329193404,0.029733354526351164,10,3.3205268279330804,0.042712801041085144,10,3.334912839801542,0.04585476725712297,10,3.003299260347429,0.060572767475337595,10,3.618277744024815,0.06038650393563332,10,0.7549700677668489,0.014498356058879312,10,0.810495054085482,0.016082761986057393,10,0.457547812227398,0.049252000676506605,10,0.0,0.0,10,0.6779838369795349,0.02436006449499956,10,0.7393741596832657,0.030595908314711345,10,0.3417547625929699,0.04501161391864412,10,0.0,0.0,10,0.35977796649825877,0.03743078088789686,10,0.4033077391666695,0.044033240978048636,10,0.0,0.0,10,0.8629705336830609,0.015580846345546297,10,0.8579755880820986,0.01836675595598443,10,1.104525506974881,0.05062086902457355,10,0.5639991915822866,0.005533598636643569,10,0.7217227366678449,0.027103158349395612,10,0
flat_spiral,pca_rank_5d,1.0199963034434478,0.014793738078715863,10,0.997121277665677,0.01323492580605822,10,0.9193625939467042,0.014539056833639704,10,0.9052869009197879,0.014457432558864978,10,1.2062052711419569,0.04854740777829951,10,0.5632263616823805,0.0055013124385436575,10,0.5651060055719422,0.0067549082743417685,10,0.6047318210468322,0.005916070920004641,10,0.4367736383165092,0.005501312438551869,10,0.43489399442696036,0.00675490827435513,10,0.39526817895198096,0.005916070920009846,10,1.3104198448764248,0.020539362873763102,10,1.2685905209394253,0.02412299569156872,10,1.1085604469759918,0.015330121851905267,10,6.605052455472372,0.07851305293615049,10,6.626872859456375,0.09392138856824443,10,6.016578336092456,0.10676666951757786,10,7.180723687599196,0.08152384258760456,10,0.5498312749959567,0.02241622479819309,10,0.5651519112575103,0.03331321581593245,10,0.27518276010410425,0.029268614939331947,10,0.0,0.0,10,0.43593968028976543,0.025515708704907044,10,0.4419721605467837,0.035301985530321656,10,0.17335528023608543,0.027436007656860203,10,0.0,0.0,10,0.22272468569837742,0.023339097981220105,10,0.24059009190218564,0.026450853652324937,10,0.0,0.0,10,0.44573363115957215,0.01042918156378994,10,0.43168370681486,0.011760205627415747,10,0.6573903653413493,0.022558438488027206,10,0.29131392559465064,0.0052601189239340745,10,0.42958731672141737,0.011095229641669093,10,0
flat_spiral,pca_rank_d,0.47110429102370244,0.01780763503786265,10,0.4355499778426629,0.0176556430110456,10,0.24067496742348454,0.016943048505227987,10,0.20995192292619133,0.0199172498247456,10,0.3899945549141272,0.03571064906337709,10,9.67143099307743e-17,1.1442599566951957e-17,10,8.080202732273537e-17,1.2449625985159325e-17,10,1.8045944521560528e-16,2.3405489527039263e-17,10,0.9999999999930435,5.147631221920887e-13,10,0.9999999999932898,5.018261194159174e-13,10,0.9999999999895983,1.944832886831162e-12,10,57064787921.451416,2267072937.6720567,10,54521482970.765274,3192513876.4219394,10,35845524704.80158,5311401966.129477,10,1.840216383465949,0.022309776742177153,10,1.880027699813293,0.01926160373013429,10,1.635640920286819,0.06555657723786867,10,1.980078245096243,0.006748002321998479,10,1.0,0.0,10,1.0,0.0,10,0.9999999999999994,9.064933036736789e-17,10,0.0,0.0,10,0.8956420890398432,0.013887770696703803,10,0.9866010500653395,0.001740193905978692,10,0.682823429419016,0.05042178755975904,10,0.0,0.0,10,0.4836990042055394,0.05091226163950637,10,0.5591688108343338,0.04767242538839141,10,0.0,0.0,10,1.0044717461850707,0.01602927049158947,10,0.9893743063708417,0.019874776646756298,10,1.2719892356542364,0.03642072820384143,10,0.6564918980091685,0.005650683203752907,10,0.8313202909440832,0.02050804261212663,10,0
flat_spiral,position_only_manfit,0.5776981554267303,0.019027742891412864,10,0.5529689368313361,0.018546744415046706,10,0.41278993584367935,0.022295850362953132,10,0.3846292610568851,0.027234659360314727,10,0.6347302874014586,0.03708501783035561,10,0.3916434899436076,0.016998588913859324,10,0.39248354505711364,0.017038687690825758,10,0.45979074811115445,0.016787760728902233,10,0.6083565100501906,0.016998588913550938,10,0.607516454936478,0.017038687690844573,10,0.5402092518823991,0.0167877607293864,10,1.807799715513465,0.14557256351819975,10,1.7025080081334274,0.1350930014079152,10,1.2655438303709643,0.05825875089555482,10,4.350869312704671,0.18187995101401822,10,4.338128107988643,0.2084395421342048,10,3.594295244909393,0.17535893656412038,10,5.10842186560126,0.23180963541443506,10,0.5559237679251611,0.02363486660988557,10,0.5854066102298547,0.029640017823109228,10,0.28410420517703205,0.030083127906842047,10,0.0,0.0,10,0.40795902390681194,0.02267229483185704,10,0.4176452132763101,0.0354683993079116,10,0.1455057514813292,0.03401941916291526,10,0.0,0.0,10,0.2131065255082789,0.020232794875938948,10,0.22632360892194453,0.02870913778499264,10,0.0,0.0,10,0.7744617554366335,0.008329701673075573,10,0.7727145871665584,0.007784047717125282,10,0.8869374397743801,0.02177399008122474,10,0.506289084811486,0.011123227375777998,10,0.5797888081378951,0.01687543023166388,10,0
flat_spiral,raw_noisy,1.123385884183461,0.016481281293119394,10,1.1043947818180828,0.014695882890712017,10,1.0358172720802565,0.015700325515001032,10,1.025568764565247,0.018175364838086266,10,1.3149655827381834,0.04772768403587394,10,0.621841923426275,0.00560841161074415,10,0.6238543133822283,0.005111747153834048,10,0.656681277601352,0.007247575505839622,10,0.3781580765728405,0.00560841161074858,10,0.37614568661690323,0.005111747153824702,10,0.34331872239770045,0.007247575505861846,10,1.2732331692405952,0.016496894269135236,10,1.242419006840834,0.020110465286670386,10,1.090450028361776,0.006970559670856953,10,8.134357406877232,0.11505470239310385,10,8.149394233439628,0.11981185177332151,10,7.442477277449845,0.14427053021146366,10,8.786557770230882,0.125168858089145,10,0.49464970869647873,0.020879763406198206,10,0.5027134735595461,0.03238818558088888,10,0.24816335870928855,0.020422849119410044,10,0.0,0.0,10,0.36590242262033296,0.022554578824166373,10,0.3709510470899783,0.02330339147769916,10,0.13763035554474917,0.024315331309226633,10,0.0,0.0,10,0.18715929893485792,0.016479948969529732,10,0.1942058792728595,0.01599165469626812,10,0.0,0.0,10,0.0,0.0,10,0.0,0.0,10,0.0,0.0,10,0.0,0.0,10,0.0,0.0,10,0
flat_spiral,velocity_manifold_fitter,0.5129540278576601,0.012912216849610466,10,0.4930724493318732,0.013226860505939055,10,0.3388491027450928,0.009699072205091162,10,0.32420351744027637,0.009694042498120765,10,0.44149052732555216,0.03088243477387569,10,0.3179782115474151,0.014106413792044423,10,0.32301467226777436,0.012023974293793547,10,0.41483242657368835,0.02863451952782951,10,0.6820217884463473,0.014106413791893238,10,0.6769853277259011,0.012023974293414171,10,0.5851675734189665,0.028634519527864524,10,2.583984204355356,0.4399558085639319,10,2.3471385869816155,0.2685670691475851,10,1.4611842210541326,0.16354801348829426,10,3.7123045411319078,0.13277471465743726,10,3.6857303676764857,0.14218346547176902,10,2.7643114593707545,0.1278403976628419,10,4.68398376575883,0.2996205615017159,10,0.9472395567318765,0.01127564134142369,10,0.9696170138886494,0.004227664926783463,10,0.8854632878713107,0.03176624269534825,10,0.0,0.0,10,0.7168436185225295,0.009944463515678955,10,0.7804887676760257,0.015873214044881526,10,0.4581109786431128,0.047943118920471484,10,0.0,0.0,10,0.41574471989653344,0.04655741450939722,10,0.48509765889526724,0.048365029087133894,10,0.0,0.0,10,0.8200065679240132,0.01199669324795911,10,0.8080162829623936,0.018078105432697684,10,1.049246532040021,0.027541108574611603,10,0.5359389365978581,0.004343493285613141,10,0.6857299795904872,0.014316931754490761,10,0
half_sphere_rotation,pca_90pct,1.0897023873923124,0.016369232793560194,10,1.068065845219039,0.0176755660171669,10,0.9951299335883844,0.02259486242128071,10,0.9854966598555132,0.02606311235353652,10,1.2793355557661832,0.026162974591556705,10,0.5776289068765015,0.006983809997372092,10,0.5785994716458723,0.0066419454573828805,10,0.6193667424353,0.008125650779005962,10,0.42237109312265336,0.006983809997353044,10,0.4214005283532538,0.0066419454573767725,10,0.3806332575638249,0.008125650778993672,10,1.329692065427423,0.02897775720788923,10,1.2827131597229648,0.025719026232985887,10,1.1097286953365,0.011384867433562863,10,7.094051388911922,0.12975545653839596,10,7.091789744249792,0.1431897890027219,10,6.399882323386038,0.13220461092686564,10,7.786693112898571,0.16291247350126042,10,0.6035138310886323,0.02008334516392241,10,0.6239529052169259,0.02675132643325328,10,0.3686741367515102,0.03749014761169501,10,0.0,0.0,10,0.5060459145125623,0.011537472019440368,10,0.522979639795911,0.018048160663660016,10,0.2779045712025579,0.02489385717420001,10,0.0,0.0,10,0.2701576399053861,0.02099024492272705,10,0.2907714987956711,0.020786865423996468,10,0.0,0.0,10,0.370125509140854,0.008238760102281802,10,0.3602459101290457,0.012778147250855706,10,0.5695861320256848,0.015787424884411254,10,0.22159948397990298,0.004558353661772099,10,0.3410068463307088,0.008430169884791906,10,0
half_sphere_rotation,pca_95pct,1.1169228589810904,0.015849027048322493,10,1.0966660073903156,0.016827781782472986,10,1.0260119900094458,0.021931761839952837,10,1.0159699061800236,0.023350894385638643,10,1.3051944450043103,0.026434628865742354,10,0.5915185965448427,0.005977605846725761,10,0.5913530101364433,0.005794530153671507,10,0.6314210140104153,0.007149174425526183,10,0.40848140345435535,0.005977605846714054,10,0.4086469898627512,0.005794530153661439,10,0.36857898598875527,0.00714917442551934,10,1.3248962431330695,0.023260482469964032,10,1.288419165461321,0.019966096181542988,10,1.105242313634293,0.015574304310627942,10,7.464530278244601,0.11714720576574385,10,7.454419708363031,0.11747866333710491,10,6.7700106551613075,0.1532453542897807,10,8.203618354867737,0.13802456163047672,10,0.5876341701961572,0.020844167888958747,10,0.6060050162347671,0.02849709579341748,10,0.34728802207031273,0.034016444020308206,10,0.0,0.0,10,0.4874348726138457,0.008335041710671206,10,0.5049390275719482,0.013518840479677973,10,0.27156233496295046,0.019996355963090965,10,0.0,0.0,10,0.2586518554078204,0.02001123003355762,10,0.2755354257532813,0.020133167130392315,10,0.0,0.0,10,0.2794941924600737,0.008134456657530112,10,0.26391657883477815,0.014233320450604825,10,0.4755068372873363,0.02223805729694303,10,0.16731125624682414,0.003476382565813898,10,0.2847835003251202,0.015312535346177427,10,0
half_sphere_rotation,pca_rank_2d,0.6918783943642182,0.018525829074556213,10,0.6576050289169364,0.016327338698670174,10,0.53074530854176,0.02096496988714403,10,0.4997168454156772,0.02948207240100235,10,0.8162054978456211,0.032696212515098015,10,0.2864187443701679,0.009381655267097654,10,0.2854098319729951,0.00951341350209064,10,0.346811501408987,0.009033140929699791,10,0.7135812556277007,0.009381655267149194,10,0.7145901680248706,0.009513413502149919,10,0.6531884985887751,0.009033140929788092,10,1.6186663957021086,0.08407707519589289,10,1.5281087073554347,0.061796012327711466,10,1.1971759525291064,0.04214750499756493,10,3.186924815904981,0.04892603143274894,10,3.201447496062692,0.045099995855173707,10,2.84576362968567,0.08334777342360263,10,3.5363187620276895,0.05344241134791561,10,0.828929838141834,0.013854282834259714,10,0.8810123137194218,0.01348587250741628,10,0.6016251366779412,0.036391127748527534,10,0.0,0.0,10,0.8026925747823535,0.010231950765394385,10,0.8507082319688406,0.012715534043177334,10,0.5825429731538788,0.034077012090983454,10,0.0,0.0,10,0.47688454015935633,0.03324048715656761,10,0.5219389253403859,0.03224657846091905,10,0.0,0.0,10,0.9241430744772787,0.020093664687068316,10,0.9124232556850707,0.022428784110148994,10,1.1728036958276848,0.024435626409195152,10,0.553216809757845,0.004676795293112298,10,0.7022136154963642,0.015445406279478144,10,0
half_sphere_rotation,pca_rank_5d,1.0261862051857178,0.015265923050278447,10,1.0022725666061512,0.016719423358757,10,0.9234612304494849,0.022281882687397735,10,0.9177199362865421,0.026555971832600726,10,1.2198237457054184,0.023137529821270476,10,0.54400505566522,0.005715938964401829,10,0.5451589485326951,0.006033116727844032,10,0.5881378025348851,0.008446130230443112,10,0.45599494433382387,0.005715938964386475,10,0.45484105146632203,0.006033116727823506,10,0.41186219746410646,0.00844613023045648,10,1.339734892071602,0.028026976887025146,10,1.2927639371967614,0.019269363787126237,10,1.114955192525082,0.01580925508123631,10,6.3131412190650735,0.08281317508568091,10,6.31610780661318,0.0854466038853176,10,5.678930027384742,0.09020744796359809,10,6.924341740783207,0.12180258510134474,10,0.6355806483565337,0.025257270133513234,10,0.6646067921439701,0.03373685081339286,10,0.3919842585969014,0.027553266341715964,10,0.0,0.0,10,0.5496228582795761,0.012936332402551156,10,0.5665444173348105,0.013455910107289023,10,0.31508982065788926,0.031182235157747686,10,0.0,0.0,10,0.3009271135053725,0.021258020556543394,10,0.3206965643340104,0.02259131443213508,10,0.0,0.0,10,0.5197095722391417,0.012370991300162214,10,0.513604820088006,0.01359896456720646,10,0.742910056766959,0.017573893894778803,10,0.3111498460664791,0.006503587845607015,10,0.4448924195982782,0.013990615668916101,10,0
half_sphere_rotation,pca_rank_d,0.5587931551245091,0.017043133533085585,10,0.5317591959541057,0.015706640218632717,10,0.3484985484812969,0.016976530479939664,10,0.3141326808245596,0.021204918301059028,10,0.5083607341157137,0.028295914108031263,10,5.985550950177423e-17,7.657234492254528e-18,10,3.525007882484099e-17,6.110338599046615e-18,10,1.4433136335697857e-16,2.3532715158198362e-17,10,0.9999999999946583,6.067003789182963e-13,10,0.9999999999948894,4.3460127270889374e-13,10,0.9999999999925316,1.5526129247044104e-12,10,69441962751.05946,6723636198.24032,10,67774293224.982056,7373891347.7987585,10,46306016890.232254,7471246675.171437,10,1.8121537580973495,0.02357430246414182,10,1.8508768515163656,0.02750406283324994,10,1.5931289429097908,0.05156133063714415,10,1.9745594386569016,0.01048251424191115,10,1.0,0.0,10,1.0,0.0,10,0.9999999999999997,7.401486830834377e-17,10,0.0,0.0,10,0.9649077988849488,0.010369673097031525,10,0.9957714988040361,0.0009716926490075755,10,0.9207649617476091,0.021475338744225587,10,0.0,0.0,10,0.6161262072073393,0.033051222124355115,10,0.6876788243338244,0.02754723194935207,10,0.0,0.0,10,1.0801803377073376,0.024357626476357582,10,1.0741704580493,0.03440752391412796,10,1.3592955198827341,0.02706618914899457,10,0.6466266531904654,0.006861348208870464,10,0.813931661767913,0.02002514706088796,10,0
half_sphere_rotation,position_only_manfit,0.6622987916184682,0.019049020003218408,10,0.6388010696438109,0.020246503086589568,10,0.5170644359257107,0.03129469286819791,10,0.49950121114060797,0.038481236113946084,10,0.7139347636694832,0.03407175782280449,10,0.384125803530357,0.02334068387824113,10,0.386492929541833,0.02411793481322859,10,0.45292629520603234,0.022429723051051863,10,0.6158741964663501,0.02334068387785127,10,0.6135070704547048,0.02411793481292454,10,0.5470737047902986,0.022429723050497553,10,1.8299852719489995,0.14621928684596425,10,1.7008473322452187,0.11618523272840053,10,1.2749206287255137,0.05873511124177392,10,4.267178387723748,0.26186142077786506,10,4.281002360150805,0.28820054056558064,10,3.448261327218598,0.27248750657090376,10,5.0606207485711625,0.2598392512776335,10,0.5858978858486903,0.025062150419262106,10,0.6033545790101724,0.028638169350588077,10,0.3796006286548595,0.03266314411609856,10,0.0,0.0,10,0.5043539527713972,0.013807393267138618,10,0.5229274722788526,0.019940713618283975,10,0.2741097064130003,0.026228279580671567,10,0.0,0.0,10,0.2680313975984852,0.020751720622167538,10,0.2888862991456214,0.019179991588930977,10,0.0,0.0,10,0.7715018892361567,0.009540632673104451,10,0.7658009112307375,0.015339065457229496,10,0.9058452490947978,0.017986884588044514,10,0.46208271098037124,0.013954428730547625,10,0.5423735713064305,0.011468067088976592,10,0
half_sphere_rotation,raw_noisy,1.1595255375489766,0.01633045753643387,10,1.140888977349822,0.017256629978887952,10,1.073650443310687,0.022330111690011104,10,1.0614210861612825,0.025538567579676767,10,1.3441357298659713,0.027408111580446967,10,0.6133432745037932,0.006354130150977698,10,0.6148236689783805,0.006391583799609665,10,0.6505591791492609,0.006391701880753304,10,0.386656725495464,0.006354130150964288,10,0.3851763310208851,0.00639158379960553,10,0.3494408208500005,0.006391701880754458,10,1.3099667896574698,0.027717082316635416,10,1.2666165982603277,0.0346909606182671,10,1.0987355001618313,0.01870321541068299,10,8.101355251088204,0.13065443944332547,10,8.129498065267116,0.14818513470578165,10,7.315552092791306,0.181260744045544,10,8.849199347210929,0.12520066022685183,10,0.5585249510596406,0.017693808692500177,10,0.5774470612618362,0.01919049111704488,10,0.33699558475975583,0.0314807535903085,10,0.0,0.0,10,0.4576702795650542,0.013341958926866328,10,0.4744274938770194,0.016680634760506033,10,0.24326412257300273,0.026396804132660146,10,0.0,0.0,10,0.2385585381535546,0.018953414178546995,10,0.254132430317584,0.02045453035337916,10,0.0,0.0,10,0.0,0.0,10,0.0,0.0,10,0.0,0.0,10,0.0,0.0,10,0.0,0.0,10,0
half_sphere_rotation,velocity_manifold_fitter,0.5405152250170199,0.010602517637875623,10,0.5214115847028585,0.01026827923818792,10,0.3913220946950738,0.010972309465621263,10,0.3793163167591169,0.012524923780248321,10,0.49700292004563495,0.031005154929945492,10,0.2444471824871039,0.01896392492299957,10,0.2388405583956216,0.020351345686761595,10,0.3133065102058855,0.020694202793448316,10,0.7555528175077935,0.01896392492321196,10,0.761159441599145,0.02035134568689196,10,0.6866934897882706,0.020694202793597887,10,3.327278479595941,0.502685621883824,10,3.170758855524052,0.5746480053287738,10,1.7777717166044753,0.2043195190935074,10,3.0691348128861065,0.13860884742265506,10,3.0480176984586507,0.1364051192718224,10,2.4683608807283735,0.17697936824332716,10,3.6713316823536117,0.22327168797527433,10,0.9652827614689778,0.011971432786775437,10,0.9800336767974818,0.003852784010475511,10,0.9272073445141877,0.02793383947433666,10,0.0,0.0,10,0.8282092930171917,0.010861011920988357,10,0.8531116083431376,0.011815246220028683,10,0.6912203165161608,0.029902677507984452,10,0.0,0.0,10,0.5814136449918206,0.035098220084738244,10,0.6460654864534906,0.03170718306040669,10,0.0,0.0,10,0.8870114324421481,0.017816562844885645,10,0.877202075571782,0.025340723909258737,10,1.122587348545649,0.02299905475728586,10,0.5310258898463243,0.006745004432330938,10,0.6722222093946013,0.018034699197507692,10,0
potential_saddle_surface_saddle,pca_90pct,1.0684434399253357,0.01757247095681901,10,1.0466446227100161,0.01800960292617516,10,0.9745434797143474,0.020538650425809612,10,0.9718860524636932,0.019767981664202437,10,1.2571270282061673,0.0376016065971934,10,0.5477431973501188,0.013627814316704415,10,0.5489306204445052,0.016280755644184863,10,0.5962664790825053,0.01138815904493889,10,0.45225680264906554,0.013627814316702135,10,0.45106937955464577,0.016280755644174853,10,0.40373352091667575,0.011388159044962324,10,1.4073335119825559,0.03370990878615789,10,1.3627873306416316,0.02729141038892414,10,1.1284706665908681,0.018123204741634865,10,6.537215143572512,0.24818850454407315,10,6.563112281117367,0.28792506986786215,10,5.749628954191637,0.2617661549132068,10,7.254564191430227,0.23476760409796008,10,0.7774741794003164,0.02271579541708276,10,0.8196280445708357,0.024050923377414376,10,0.5908869773285608,0.043488381594563544,10,0.0,0.0,10,0.5856818753595366,0.021404263449888432,10,0.6245998439025838,0.014585376192630159,10,0.3291467511735694,0.054518710459490166,10,0.0,0.0,10,0.7128128414559939,0.03292355643033827,10,0.7728107453143765,0.034572907202698684,10,0.0,0.0,10,0.4364284410956419,0.02145872569656096,10,0.4330192658109609,0.025141712409971657,10,0.6551501323330253,0.03002451330916351,10,0.2489113551918641,0.011531746363306963,10,0.37367593384358117,0.01648135635839008,10,0
potential_saddle_surface_saddle,pca_95pct,1.1212486181487535,0.01497442242953772,10,1.1015354101697092,0.014329663005623803,10,1.0333547223606971,0.016897421758443484,10,1.0319816910922097,0.022000001846508455,10,1.3108413028713382,0.03825380311999335,10,0.5759255064412525,0.008653220285565155,10,0.5779921840505077,0.00939868459229617,10,0.6191274419064732,0.008764952271667282,10,0.42407449355800597,0.008653220285577697,10,0.4220078159487464,0.0093986845922914,10,0.380872558092757,0.00876495227172274,10,1.3855041744622987,0.02394056674947343,10,1.339103967590569,0.021942100786441286,10,1.128531949984901,0.012559421173757551,10,7.201499065487826,0.16238341300368378,10,7.241548024472463,0.18110252789859577,10,6.359632328532482,0.21893455654572372,10,7.992072800096191,0.13598616158919663,10,0.7656873951638313,0.02656448797132764,10,0.8038860677798269,0.022959350254050673,10,0.5778463125697464,0.049335963605139484,10,0.0,0.0,10,0.5606491468714563,0.023220159480878168,10,0.5920479750891221,0.02445554645579205,10,0.31988607270313996,0.04946177710601543,10,0.0,0.0,10,0.7123224734194985,0.03139815391130155,10,0.7701188139738204,0.031098514301900335,10,0.0,0.0,10,0.2816176822542816,0.010733969637652607,10,0.26703056072786197,0.013353110617057963,10,0.4784710750786251,0.018437263588740427,10,0.16062290578170088,0.005685918275128843,10,0.2729608720641635,0.011556008221287379,10,0
potential_saddle_surface_saddle,pca_rank_2d,0.6840756506015275,0.013514369155911997,10,0.6483161463904097,0.014363795075939365,10,0.5252878881651827,0.012495438414613608,10,0.49464600048229956,0.020498905027814728,10,0.8355650467293454,0.030467784814125477,10,0.2706956234694883,0.00820046831092469,10,0.27125363469774016,0.008119064917245806,10,0.32664669685826675,0.011130864394766208,10,0.7293043765286652,0.008200468310978938,10,0.7287463653004596,0.008119064917277504,10,0.6733533031397839,0.011130864394798542,10,1.7214816472985839,0.04448188636470056,10,1.6218280581489055,0.037779109520046324,10,1.2289934617323666,0.03068665925513326,10,3.0928827522005418,0.060599031935594946,10,3.123942538139124,0.0539660741380084,10,2.7181192730280404,0.10576451864359522,10,3.4330573917476754,0.054629927821498864,10,0.8697193799869636,0.016053624307520907,10,0.9167095574366664,0.012798905157773545,10,0.6862740202783107,0.061290919894444726,10,0.0,0.0,10,0.8021969153892581,0.013175259251666316,10,0.8753845142258584,0.012312999412525115,10,0.5437989343254859,0.04029704926218668,10,0.0,0.0,10,0.7398350770748116,0.02873112453480857,10,0.8067706104791623,0.029016539651117727,10,0.0,0.0,10,0.9288399169028244,0.018800365600314933,10,0.9261298794618715,0.01665326036178312,10,1.1686235541584116,0.03416693882236387,10,0.529792868516304,0.009354032079102039,10,0.6665156489423328,0.01638427885448838,10,0
potential_saddle_surface_saddle,pca_rank_5d,1.0318686772609809,0.013374558108887418,10,1.008348545046784,0.013899315162456452,10,0.9331196505833663,0.016153008457277695,10,0.9267345547557577,0.015424055992084892,10,1.2176854459289603,0.04165877003136932,10,0.5274720122918023,0.009910552300111357,10,0.530112713024623,0.012048869776699972,10,0.5777226772139356,0.010897279799459337,10,0.47252798770732624,0.009910552300117843,10,0.4698872869745084,0.01204886977672126,10,0.4222773227851867,0.010897279799451754,10,1.4197943596969056,0.0373523124508502,10,1.3722221528951806,0.042487484512862224,10,1.1302146513161688,0.01983681743997911,10,6.10620849937618,0.13871674986159832,10,6.143414305801695,0.18642540024623616,10,5.366597659225959,0.1779019324334791,10,6.797829004106477,0.14822531752821652,10,0.7857092383869126,0.023545468182774962,10,0.8222442728298652,0.026027880962426333,10,0.6126037840877082,0.05530401323911034,10,0.0,0.0,10,0.6039631248762836,0.020050190651752297,10,0.6438155922290534,0.019143195956718498,10,0.34187805565634405,0.05457142691076497,10,0.0,0.0,10,0.7141717137669966,0.03206090235189924,10,0.7700884448042719,0.03291424307048276,10,0.0,0.0,10,0.5165799309614034,0.01694843356627648,10,0.5035970382450123,0.02288447387808198,10,0.7328598398984381,0.0275700303223412,10,0.294626523547161,0.00848004636163962,10,0.4179961829778673,0.014605817831904167,10,0
potential_saddle_surface_saddle,pca_rank_d,0.5683505542244749,0.02166270784142323,10,0.5319085591588691,0.022154920222160104,10,0.33774467476534664,0.01935987751500997,10,0.2989804740336471,0.024311898580649503,10,0.576710244970755,0.03020097973640785,10,6.176266984145202e-17,1.2644690444543432e-17,10,3.061997568875048e-17,9.639758739170163e-18,10,1.5933376359779415e-16,2.6582750508083763e-17,10,0.9999999999960998,3.0562212350567513e-13,10,0.9999999999961166,2.9402034961415583e-13,10,0.9999999999948163,7.091602946720591e-13,10,97593739359.84782,6355381335.785178,10,93485838913.115,5159988410.817262,10,69140032677.78899,6350352666.300469,10,1.8399392595762856,0.01612397248362107,10,1.8774115785110403,0.014444628046950639,10,1.6529196520794411,0.05338802631658518,10,1.9791617552720329,0.006123941017032345,10,1.0,0.0,10,1.0,0.0,10,0.9999999999999997,9.064933036736789e-17,10,0.0,0.0,10,0.9346391942256032,0.012925040897792754,10,0.9936524062689992,0.0013317854570947128,10,0.8136041287595457,0.06712254811165029,10,0.0,0.0,10,0.6809382448911718,0.03027122322979078,10,0.7532257713241296,0.031568822560601575,10,0.0,0.0,10,1.1009390863109743,0.019729272249518325,10,1.0982754983094511,0.022921953450160244,10,1.3806011869299746,0.04248973070049874,10,0.6279605440859884,0.009622455101033017,10,0.787386101893391,0.019735069830113295,10,0
potential_saddle_surface_saddle,position_only_manfit,0.6776087321124594,0.018146671632393547,10,0.6560600155620577,0.01988710048953141,10,0.5301260009694236,0.021485375032412397,10,0.5268914730816665,0.02474447500740945,10,0.7226254424446771,0.03630956716923974,10,0.3608709856677915,0.02622819314296404,10,0.3624712817589662,0.02581799347862769,10,0.4336688738436073,0.026500350503396934,10,0.63912901432968,0.02622819314288288,10,0.6375287182388009,0.025817993478405896,10,0.5663311261535101,0.02650035050300207,10,1.9812634604063923,0.2290104606827922,10,1.852568396077901,0.20963298182726947,10,1.2912017437949381,0.09570727544977445,10,4.0298202322284515,0.24653933004953993,10,4.0248902627597625,0.253744909062711,10,3.170978954366653,0.24417667568675508,10,4.878638916523798,0.3030045519668547,10,0.8065099087465052,0.028691881856047426,10,0.8346947795877695,0.02425627863066739,10,0.6580277353880686,0.06947430048892866,10,0.0,0.0,10,0.6349847759258458,0.026090730643347188,10,0.6795944612228468,0.02327916333889409,10,0.38082680631705823,0.07423978801998878,10,0.0,0.0,10,0.7506688142326828,0.028028221933508426,10,0.8196941625273257,0.02179930569885379,10,0.0,0.0,10,0.7798385283723387,0.012042283050143522,10,0.7725518354728255,0.013754968593268252,10,0.9423571279333229,0.03291506628559236,10,0.44484144309344664,0.007883103082518023,10,0.5374848719821697,0.01748970221881277,10,0
potential_saddle_surface_saddle,raw_noisy,1.1645147364722745,0.016250640478432266,10,1.1464072214701888,0.015391645094802398,10,1.081444341126966,0.017955292302297823,10,1.077085677627901,0.024683996604373874,10,1.351992935650756,0.04124281747505292,10,0.5979536589524153,0.00831470386397779,10,0.6007178346444079,0.009366560084046733,10,0.63926710661599,0.009361504992058097,10,0.40204634104689757,0.008314703863985225,10,0.39928216535490124,0.00936656008403747,10,0.36073289338327846,0.009361504992048297,10,1.3738809271036545,0.02812085251481945,10,1.3326140759227225,0.031214831151633645,10,1.1260937996948803,0.02489836713395144,10,7.810004438314526,0.17366260852933776,10,7.845286208164595,0.19336684666362117,10,6.923816189662006,0.18365187814457284,10,8.645273552796189,0.16697659870648698,10,0.7611647005047742,0.023453057991894493,10,0.8002898476384452,0.02265657425585706,10,0.5813962809155357,0.061272936173352464,10,0.0,0.0,10,0.540188940836504,0.021171333367734815,10,0.5705622412951639,0.02473218821297397,10,0.2922727915872887,0.04958970301009745,10,0.0,0.0,10,0.7115567089571234,0.029639691610660355,10,0.7713018591859188,0.030226743400072892,10,0.0,0.0,10,0.0,0.0,10,0.0,0.0,10,0.0,0.0,10,0.0,0.0,10,0.0,0.0,10,0
potential_saddle_surface_saddle,velocity_manifold_fitter,0.5228449791835825,0.01785189003612067,10,0.49891312389654885,0.01618731718984134,10,0.3461323438831462,0.00980505244406284,10,0.33021349224162055,0.007270164161051802,10,0.46358292648574606,0.029532730886830207,10,0.16603245771333788,0.025024892642434744,10,0.16330494937067788,0.025215017861084814,10,0.23333896463292697,0.04165439224357163,10,0.8339675422829183,0.02502489264267128,10,0.8366950506255023,0.02521501786125844,10,0.7666610353626817,0.041654392243927314,10,5.9631441175061015,1.3909379894718106,10,5.300965111994066,1.2317315383694838,10,3.1993682410166264,0.7369443650821955,10,2.618888856550778,0.14768298078650993,10,2.6118753041842604,0.11364885428070741,10,2.1287417787697356,0.09172254548038893,10,3.133681370269824,0.3150404244845088,10,0.9824186669218508,0.005364382696090695,10,0.9881320275295415,0.0027573785821696783,10,0.964477089311983,0.00835489656366947,10,0.0,0.0,10,0.8437629040375748,0.01072626843138675,10,0.8902614032132604,0.010480666556407817,10,0.7069332167752883,0.03593120080751206,10,0.0,0.0,10,0.6993114600777295,0.03244951271237981,10,0.7738431512485626,0.03037843059508726,10,0.0,0.0,10,0.8922599222592871,0.016697819496246376,10,0.8849488761950625,0.016836475815346034,10,1.1296354170569303,0.039278762008376614,10,0.5089240583351465,0.007805996793398523,10,0.6442296305222093,0.01839540652767096,10,0
s_curve,pca_90pct,1.0959304167005024,0.016236882345536774,10,1.074615331890595,0.01476558286280237,10,1.000896144830056,0.013869404401162575,10,0.9878512992086639,0.02319091680805663,10,1.279023984255765,0.04059753622008464,10,0.599117196674448,0.006445920400949732,10,0.6017368296552587,0.007133189204426445,10,0.6380304556713686,0.0059250884372344746,10,0.400882803324648,0.006445920400951028,10,0.3982631703438253,0.007133189204399966,10,0.361969544327725,0.0059250884372523726,10,1.2608647704624076,0.02175191971455447,10,1.2293760487783452,0.02123643516441708,10,1.089031556305036,0.011082422189557083,10,7.439154456396784,0.10952604965149841,10,7.476338603780751,0.1347171708447833,10,6.681863647075208,0.1370677886425415,10,8.112215071590954,0.1263944238434401,10,0.5168000359863971,0.02706088030523383,10,0.5420833308941965,0.033494840286791436,10,0.2454332222574099,0.03863670621477684,10,0.0,0.0,10,0.49084952324484876,0.007647070773822486,10,0.5029424001170006,0.014249719368365887,10,0.2857844337350219,0.01975307147957282,10,0.0,0.0,10,0.11261473919054352,0.018829025347225,10,0.12522443335072175,0.024587595349225184,10,0.0,0.0,10,0.36754793784821743,0.010051472067202184,10,0.35231780744106833,0.016725449321267332,10,0.5701632536321982,0.024353428945060856,10,0.22551954240817204,0.006090594200931051,10,0.3498396910584206,0.014759149822221438,10,0
s_curve,pca_95pct,1.1340293854632033,0.02152902468330294,10,1.1141895634890095,0.020438337560551325,10,1.0436748896179515,0.019810451273787978,10,1.0336185298493548,0.027669710219164107,10,1.3046329315417693,0.04892707275652424,10,0.6192735959279018,0.0069043645518561386,10,0.6226987288051533,0.007741418855784471,10,0.6569845695903361,0.008536394257052974,10,0.3807264040712629,0.0069043645518433155,10,0.3773012711940014,0.0077414188557779,10,0.3430154304088102,0.00853639425705521,10,1.2522995549268814,0.017653578226366665,10,1.2262342212352373,0.018059262199872736,10,1.0810345301755833,0.01286819277215797,10,8.012748100016656,0.19026475822606612,10,8.090038930163342,0.21187197827109502,10,7.21194400564206,0.16758956712534642,10,8.718622149715719,0.24859512310093076,10,0.49515857568979194,0.029402494465493305,10,0.5087322173899232,0.044682965059493776,10,0.23401546289283112,0.03115991066855108,10,0.0,0.0,10,0.47012346285531964,0.012564024009561069,10,0.4827520935179167,0.011101660771987935,10,0.2608661769819413,0.035196634220077135,10,0.0,0.0,10,0.10402032971980839,0.01985399061051156,10,0.11593313622227722,0.02920435628922168,10,0.0,0.0,10,0.2252160709437557,0.05005064032514109,10,0.2062967569543161,0.05520158131179188,10,0.4073684070266257,0.06629617541191145,10,0.13824499866286163,0.03106747278795275,10,0.25000079432020816,0.04111611199132914,10,0
s_curve,pca_rank_2d,0.69767687567041,0.01685997193119499,10,0.6633759867211065,0.017323760987245924,10,0.5315707010023416,0.015822795597841294,10,0.49404512535811856,0.01341235904666831,10,0.8170677596625321,0.04036045831291876,10,0.3059405909931009,0.007381874092367424,10,0.30765140108332256,0.00829670206350118,10,0.36289768406593714,0.009807906185787627,10,0.6940594090044117,0.007381874092362947,10,0.6923485989139924,0.008296702063380868,10,0.6371023159314622,0.0098079061857158,10,1.509365574986493,0.038804451299416114,10,1.4336310137539008,0.037965277900649456,10,1.1559945617341725,0.030785801553021575,10,3.2934286661146914,0.04792654921130272,10,3.3249363373579355,0.055780871883563274,10,2.93788292695178,0.0547537854695956,10,3.6356259473994905,0.03772519983249086,10,0.7455791873724646,0.030537387620586054,10,0.7993088458798427,0.029932251169249812,10,0.4551566013108987,0.058056006050551834,10,0.0,0.0,10,0.778649787429835,0.016287994918655173,10,0.8277136494297277,0.014027994318892067,10,0.5332002191348735,0.055416798813223575,10,0.0,0.0,10,0.23374447491451175,0.02824422988025594,10,0.2571335461788255,0.04353046747804767,10,0.0,0.0,10,0.9284459034266179,0.014506029875780821,10,0.9240835792694885,0.026041441276625398,10,1.1767601076125078,0.03741615887897813,10,0.5696567973091065,0.007352881985107273,10,0.7219871430335956,0.021145305566981864,10,0
s_curve,pca_rank_5d,1.0327955881574773,0.014151780623683703,10,1.0087710832403158,0.013026678294483573,10,0.9291632006242742,0.013002601473404712,10,0.9238961516333113,0.022567328978132597,10,1.2085631761578646,0.04494469328864704,10,0.565064920155502,0.006462882575703676,10,0.5682522931332982,0.00693357505910777,10,0.607413906624371,0.007775200315285915,10,0.4349350798434646,0.006462882575707512,10,0.4317477068656615,0.006933575059116997,10,0.3925860933745461,0.007775200315268462,10,1.2833072806640828,0.023944362985692462,10,1.2503381045239024,0.022007128110446587,10,1.0971703812326357,0.014049996890424247,10,6.6094751796874665,0.09239633149865382,10,6.658850272891738,0.09849589247839655,10,5.961733593750444,0.1207078317278796,10,7.228933404480879,0.10630819709680021,10,0.5559923526331987,0.02422238902188078,10,0.5772831877394721,0.024794367720781342,10,0.28750549770673983,0.03039171428443099,10,0.0,0.0,10,0.5357156423142718,0.011400407234353828,10,0.5583785524344691,0.014901419496438771,10,0.3057058828600314,0.04254556660337865,10,0.0,0.0,10,0.12505820876813153,0.021633704980159492,10,0.14037248495798266,0.03182957007000009,10,0.0,0.0,10,0.5204155229530237,0.012346531295767111,10,0.5112844010117662,0.015453810851621072,10,0.729671693919918,0.027782470645185946,10,0.3193134614635985,0.0073786420956533484,10,0.44769463484327393,0.016475536139073675,10,0
s_curve,pca_rank_d,0.5612741646131096,0.029418073731900453,10,0.5306757703676813,0.029444034253159383,10,0.3374342924026848,0.035241665089262145,10,0.3101898750628112,0.03570289013207606,10,0.5124276171305724,0.06825799752925196,10,5.886349463875009e-17,9.291506743855807e-18,10,3.851291214287255e-17,1.0870628891953416e-17,10,1.3075703707800484e-16,2.0449039663405586e-17,10,0.9999999999931687,7.583990636383399e-13,10,0.9999999999933417,5.948703617992002e-13,10,0.9999999999905939,1.7006421803560382e-12,10,56568141765.64342,5834634491.602847,10,54555374358.99274,5254984767.406244,10,36811990396.01878,6144532823.4660845,10,1.8313929903349215,0.014052797887041737,10,1.867131344169712,0.020188118123606845,10,1.621381168896433,0.03743306115287804,10,1.9796135380265394,0.00565380215844225,10,1.0,0.0,10,1.0,0.0,10,0.9999999999999994,1.1102230246251565e-16,10,0.0,0.0,10,0.9582680119426573,0.012739867759123067,10,0.9948988803550181,0.0013084412728400746,10,0.8972326388366968,0.04033681051338624,10,0.0,0.0,10,0.3061415244814272,0.10275292868937945,10,0.35186240693468596,0.11328497939010569,10,0.0,0.0,10,1.0806399371167417,0.01304358852834293,10,1.0658824017552786,0.018397921881706008,10,1.3514925608521722,0.0408781142110051,10,0.6630521562412521,0.00725943958255854,10,0.8292439699047225,0.025047096227318724,10,0
s_curve,position_only_manfit,0.6518587965616212,0.01619651671063095,10,0.6328226224794405,0.01622275710951596,10,0.5248984624702033,0.01951352177713574,10,0.5090332392539156,0.025603149515001863,10,0.7088028274591908,0.019923776531853232,10,0.4267236698152991,0.020465515450765782,10,0.42807457519782954,0.02378462739908939,10,0.49856644834740366,0.019854806761583674,10,0.5732763301803504,0.02046551545086156,10,0.5719254247980048,0.023784627399664297,10,0.5014335516482664,0.019854806762066836,10,1.5882760863612466,0.098211412401476,10,1.5081171444357837,0.08589681215983049,10,1.1755909145844865,0.03526269164029209,10,4.713680617101315,0.25208330579399296,10,4.7363591754399454,0.2956086622413844,10,3.7792485343431705,0.2771640775725742,10,5.623346451282101,0.2751147742727454,10,0.4961346944084494,0.035547545801918635,10,0.5146081599024435,0.041594863015470204,10,0.2383080421660552,0.048492961301932855,10,0.0,0.0,10,0.4637245074083892,0.02497206203672884,10,0.48077334765447166,0.02947029675652212,10,0.23235813791704518,0.04137716270202192,10,0.0,0.0,10,0.12279045188734132,0.02315237420040886,10,0.1405288396997812,0.026031205365736793,10,0.0,0.0,10,0.7790517359658871,0.009761342015570893,10,0.7717348600817326,0.0070511745336303685,10,0.9038557472930802,0.028886336845215424,10,0.4780162480567191,0.006443321094738484,10,0.5544904365870456,0.01385699993314132,10,0
s_curve,raw_noisy,1.1645746954374272,0.01785194858626098,10,1.1460983691165747,0.016050423798403955,10,1.0779706168039769,0.015029369602601322,10,1.064527410372257,0.0219844099281067,10,1.3470649880835182,0.04561978253671081,10,0.633779227573928,0.005772917745708502,10,0.6363511394110348,0.007242891133773835,10,0.668811914575082,0.006471354446467672,10,0.3662207724252856,0.005772917745705481,10,0.36364886058817464,0.007242891133776743,10,0.33118808542413664,0.006471354446432784,10,1.2428404141514293,0.015198646892717308,10,1.2179579807271552,0.017970015301551224,10,1.078458790434157,0.011925358762230677,10,8.480954860060319,0.13655313991280912,10,8.550094639378324,0.1651993574963855,10,7.615565993670988,0.14460955595812758,10,9.220622397176882,0.1503368651065938,10,0.4763685083214411,0.02592876985713547,10,0.49890527009805175,0.0282833514099423,10,0.21817695551243163,0.03708742244218901,10,0.0,0.0,10,0.4485286298551617,0.011390486604438015,10,0.4546993265465812,0.012556578899631198,10,0.25203448249413274,0.027431256419045993,10,0.0,0.0,10,0.09767471000785002,0.018455201714750853,10,0.11204622789219607,0.027181249627612612,10,0.0,0.0,10,0.0,0.0,10,0.0,0.0,10,0.0,0.0,10,0.0,0.0,10,0.0,0.0,10,0
s_curve,velocity_manifold_fitter,0.5616286356062673,0.019480772730127372,10,0.5433524088245244,0.020802805095417046,10,0.41456036782146627,0.0223209758286143,10,0.40400800704820944,0.024312599921630765,10,0.5397064452426518,0.02035068292290823,10,0.3414374429184101,0.022335117432162172,10,0.3422167570028096,0.025774829632624875,10,0.41481040251551954,0.019984464124671218,10,0.6585625570757264,0.022335117432491104,10,0.6577832429913667,0.025774829632894646,10,0.5851895974774799,0.019984464125186296,10,2.0054597156451206,0.26584734335530424,10,1.8446359398992755,0.23621952975389335,10,1.2918382442538967,0.08913948623419249,10,3.8362486214435663,0.19198406614730876,10,3.839472023233566,0.1939906032699403,10,3.063577761948148,0.16151278079055598,10,4.573373966541778,0.2357260571481671,10,0.9119685273136409,0.030143124288648793,10,0.953810079079765,0.013670800961083987,10,0.7898436025139896,0.08824448250707205,10,0.0,0.0,10,0.768446144438493,0.01743003551065354,10,0.8150747607148213,0.015629315249559676,10,0.5588028342099451,0.06201004130050819,10,0.0,0.0,10,0.2298985716015453,0.07123903445871303,10,0.258948705142416,0.09507919654364017,10,0.0,0.0,10,0.8737921594758612,0.013347442879433503,10,0.8638211469119339,0.019917768862128486,10,1.1035665160305066,0.04075290300507834,10,0.5361119307769397,0.005608521270304856,10,0.6771234942724609,0.024887213532079396,10,0
swiss_roll,pca_90pct,1.1016109923533146,0.016521511685640637,10,1.0804279586558088,0.017181014598745763,10,1.0160838444720222,0.013114296838856456,10,1.0007241480397169,0.013262696517982,10,1.3079639482596779,0.040264987184121144,10,0.5931632103966286,0.00828620313838583,10,0.5946453487440332,0.009726713204797458,10,0.6337890829642007,0.008031095654815463,10,0.40683678960245506,0.00828620313838405,10,0.4053546512550616,0.009726713204795547,10,0.3662109170348423,0.008031095654828084,10,1.2904708197461967,0.02500570244463089,10,1.2609577619926635,0.02204583901075387,10,1.099260803362311,0.010639520955264834,10,7.35673116420453,0.14997802645466363,10,7.360582144226103,0.14355322896041683,10,6.671862452919035,0.18605330624835145,10,8.0223243809405,0.14453239105213608,10,0.5715662646534975,0.026067680025891,10,0.5978435347663342,0.025995996513719786,10,0.3140849144924969,0.04800050828318274,10,0.0,0.0,10,0.4908088200936914,0.012305552066416987,10,0.5066357027928289,0.01317547345786076,10,0.2661552969885482,0.02547657427165552,10,0.0,0.0,10,0.2573466941847178,0.020720740036544942,10,0.2659991052211552,0.02188278988009287,10,0.0,0.0,10,0.3543405839884536,0.010449413303438166,10,0.34125413202622773,0.016113813326958715,10,0.5506618828353335,0.023346765666693407,10,0.22197442633112577,0.007485456768999466,10,0.3448819187817774,0.013688797536335059,10,0
swiss_roll,pca_95pct,1.1337743402920721,0.02033709694185866,10,1.1135051915439387,0.02086485058115717,10,1.0513349337189757,0.01796812069302561,10,1.0347915286379394,0.015271669025607271,10,1.336237319728618,0.047131267418571064,10,0.6101004473430497,0.009686947443573233,10,0.6121868234049815,0.009986673758792267,10,0.6484700204224674,0.008940798533983064,10,0.38989955265609016,0.009686947443565203,10,0.38781317659417325,0.009986673758799781,10,0.3515299795766891,0.008940798533981591,10,1.2800493864653582,0.01934529899869339,10,1.2494934660112564,0.022254792609004863,10,1.0892763189897419,0.020777695799511633,10,7.82685597672008,0.21882568347706324,10,7.842948274794125,0.20458356814858927,10,7.100157775584572,0.291623733784838,10,8.536528221487236,0.1954611043119317,10,0.554682188594996,0.026011135544782585,10,0.5800432878168622,0.033869156242501565,10,0.30785640221863086,0.04783163784851559,10,0.0,0.0,10,0.46757821246872966,0.01758398430479552,10,0.4829675071129391,0.019969280473651676,10,0.25289783776566094,0.024238695061443404,10,0.0,0.0,10,0.2434351615023896,0.019384355652972567,10,0.25099157737676897,0.01986907864703174,10,0.0,0.0,10,0.23440967778054062,0.04600495018751652,10,0.21407056008135011,0.05686824561756737,10,0.4218957872535222,0.042723021030820346,10,0.1466839149912334,0.028090157879762778,10,0.26414402756484423,0.025510956705177244,10,0
swiss_roll,pca_rank_2d,0.7150865274229024,0.009364275624211382,10,0.6783212507073186,0.007740954078935334,10,0.5764611983268573,0.005077889167801125,10,0.5431040075743543,0.011470082217661994,10,0.8828130483194204,0.03308670617842242,10,0.3012259020693563,0.010585829829054419,10,0.3026380647351054,0.011035494926558208,10,0.36009633453500595,0.008717711742412105,10,0.6987740979281992,0.010585829829085862,10,0.6973619352623792,0.01103549492657713,10,0.639903665462312,0.008717711742339554,10,1.5337786712763835,0.04893762398740718,10,1.460962724047628,0.04659410365722805,10,1.1580482653585267,0.024155774428428277,10,3.2689524080335586,0.0724029510231287,10,3.2905686438861372,0.08009155183254839,10,2.913478510131459,0.12768335068511455,10,3.595806853513172,0.04423945476083276,10,0.8010674933584898,0.019036767891634745,10,0.8545743904434302,0.016135041672961873,10,0.5464143596507592,0.0529273021343563,10,0.0,0.0,10,0.7868032965158701,0.011172786906371022,10,0.837092573462033,0.009104005287905654,10,0.5388375158986999,0.031492083719638846,10,0.0,0.0,10,0.4610248493780217,0.027004236955047414,10,0.49705062199049593,0.02351178615100141,10,0.0,0.0,10,0.9075839929500125,0.015951254631112202,10,0.8998966615653761,0.019321036772396362,10,1.1732549358670596,0.03090404134810022,10,0.5685149816970566,0.011654249319595624,10,0.7349678108971862,0.02199887584438534,10,0
swiss_roll,pca_rank_5d,1.0396744541390146,0.015557736985058501,10,1.0163436362362812,0.01638570326325714,10,0.9481613564453177,0.012481049225497578,10,0.9397505111338699,0.02177346648964542,10,1.2374741230952666,0.04453630228535979,10,0.5608175431941762,0.006912556361120752,10,0.5617713549824804,0.007787259372811062,10,0.6032688638390502,0.005053719607442501,10,0.43918245680478707,0.006912556361112484,10,0.43822864501647274,0.007787259372815752,10,0.39673113615987626,0.005053719607490123,10,1.306025097795915,0.01647841781258766,10,1.2685556775363398,0.017891237303239542,10,1.0976789142331749,0.015172912982058277,10,6.5602441396048095,0.10510805607305575,10,6.574190047697075,0.11093750585274917,10,5.937050355479679,0.17262251626178568,10,7.179471629325488,0.080444568573006,10,0.6030229134007655,0.02181804550529418,10,0.6327992388461953,0.023229040472842986,10,0.344755028547734,0.04599822114374192,10,0.0,0.0,10,0.5318999181466,0.010971205536204806,10,0.5452016606322507,0.015051235272849154,10,0.29625060415117566,0.03690028994710103,10,0.0,0.0,10,0.2847141733744945,0.022108337994382936,10,0.2943897023127753,0.018565768338669682,10,0.0,0.0,10,0.505873405688663,0.01079425942377739,10,0.5000445449282694,0.015156204463338107,10,0.7116970440029504,0.01817898847692143,10,0.31691276622078673,0.00890407609804956,10,0.4459295313534234,0.016472400014615616,10,0
swiss_roll,pca_rank_d,0.4867610474601049,0.01443058232826318,10,0.44937921099665834,0.011360112974016807,10,0.2998710366552693,0.01645304249711939,10,0.26455492102978273,0.018065939687783437,10,0.480435754652109,0.021040918850683894,10,6.561332377919871e-17,9.017166188265528e-18,10,4.065370612105396e-17,1.0077036064858086e-17,10,1.470286760454891e-16,1.743766329721587e-17,10,0.9999999999935264,8.370391802526205e-13,10,0.9999999999937994,7.770221017634927e-13,10,0.9999999999905947,1.836719008998631e-12,10,59997377910.9337,7305263472.211317,10,57558223244.68668,8289038480.888731,10,38082236591.18145,6230018891.043928,10,1.8247610685625861,0.028919264068871648,10,1.8587921453117353,0.03824863484680807,10,1.6201905077325214,0.05016987067196274,10,1.9783288490900783,0.008291062398783801,10,1.0,0.0,10,1.0,0.0,10,0.9999999999999997,7.401486830834377e-17,10,0.0,0.0,10,0.9564163422499737,0.0059431324448507945,10,0.9941063141217843,0.0019311457666183992,10,0.9057151646122612,0.022674720787534887,10,0.0,0.0,10,0.601333857934238,0.031420078145391224,10,0.663549529164819,0.029841297136281874,10,0.0,0.0,10,1.0496796358437492,0.016214368666509344,10,1.041734164605953,0.024740095694256947,10,1.3227679374880288,0.03795519719319425,10,0.6575197218775726,0.012078720709350522,10,0.8288172243774188,0.032538001995754885,10,0
swiss_roll,position_only_manfit,0.6306464090457945,0.017175400903947764,10,0.6061585993105496,0.015990413375544132,10,0.4982757937471923,0.017842038578761307,10,0.47545375814293916,0.022452561519810867,10,0.7212482400989405,0.03351380332962252,10,0.3987931009795518,0.016237995954675087,10,0.39608829256715583,0.01764733111508488,10,0.4741368529299084,0.021839897122641262,10,0.6012068990157923,0.01623799595440598,10,0.6039117074286009,0.017647331115684773,10,0.5258631470653576,0.02183989712279328,10,1.70494457639528,0.14030956203859182,10,1.6128099931793638,0.13086163033380638,10,1.2100926983638949,0.043392441751615,10,4.38908852486715,0.1614195645442552,10,4.364147854019012,0.17533662154312574,10,3.501305727607447,0.25843604921646174,10,5.286977286986421,0.2733861222036624,10,0.5651488222998731,0.02223090824772525,10,0.5818128769842948,0.02945872514233882,10,0.3418761390217294,0.03758754487096585,10,0.0,0.0,10,0.48532191876108727,0.016407686827214583,10,0.49227015554542036,0.01880604007827565,10,0.2527004160166717,0.028745517167210514,10,0.0,0.0,10,0.260432637021231,0.021134825713734737,10,0.27440060620386375,0.02386804792241766,10,0.0,0.0,10,0.7777095954427384,0.011951210937264678,10,0.7725045613644129,0.008523312107955715,10,0.9032234694005886,0.020320125681201267,10,0.4872417616888999,0.013073442248907457,10,0.565853670583398,0.016935778667627428,10,0
swiss_roll,raw_noisy,1.1660384872282634,0.016219861690844856,10,1.1469086132061943,0.0163610488088894,10,1.0862392283807343,0.012805473476596099,10,1.0679924440619453,0.015569619004168256,10,1.3653725662042162,0.04259123042961599,10,0.6255605935262439,0.006725150617324494,10,0.626877940601036,0.007234032339954846,10,0.6626162968673459,0.005221278758062549,10,0.3744394064729484,0.006725150617330218,10,0.37312205939815585,0.007234032339961739,10,0.3373837031318372,0.005221278758058591,10,1.2783880560327812,0.021393389002527113,10,1.2462074199565878,0.01496019791624052,10,1.0865837173032662,0.011687807696753738,10,8.332535373982894,0.1409800251714561,10,8.35528419530561,0.1419371166131373,10,7.522949954076251,0.2573830295070436,10,9.071522863955186,0.1307444196166696,10,0.5286320483618872,0.021971289910694938,10,0.5502995326849193,0.02273833110427247,10,0.27639096635105276,0.042685112406945384,10,0.0,0.0,10,0.4408004308929995,0.015100531943165465,10,0.4570377921794721,0.019332354330969005,10,0.23189414765387273,0.016605918978261917,10,0.0,0.0,10,0.22610148018312018,0.017614770470996223,10,0.23133758067348914,0.019420975649739738,10,0.0,0.0,10,0.0,0.0,10,0.0,0.0,10,0.0,0.0,10,0.0,0.0,10,0.0,0.0,10,0
swiss_roll,velocity_manifold_fitter,0.5308324624227052,0.029508373321653437,10,0.5106733515433054,0.0271181132796151,10,0.38868205516942467,0.025179324104029135,10,0.374873569609088,0.02458477966518658,10,0.5147285211113184,0.04230298120900045,10,0.31034752599998583,0.02992934071892917,10,0.31374427923958004,0.02683886011905651,10,0.3925746817559791,0.04712795086728658,10,0.6896524739940765,0.029929340719090765,10,0.6862557207545125,0.026838860119121153,10,0.6074253182373167,0.04712795086758793,10,2.472094121087274,0.3890778453147534,10,2.284723792639931,0.3937224868859799,10,1.4179409504602372,0.16316019590925693,10,3.5986907489857827,0.2589768495191259,10,3.585499520398751,0.24732678817775683,10,2.8114983330764383,0.18436990024759692,10,4.458740201194628,0.48201164177340367,10,0.9408981674293928,0.018944159378331257,10,0.9680458528970688,0.00862636338389975,10,0.853377449187249,0.06850880207171332,10,0.0,0.0,10,0.7869085375401974,0.018349116276261974,10,0.8282928617443701,0.013012429641629323,10,0.5881585969635301,0.06777949542731343,10,0.0,0.0,10,0.5280969803703067,0.043454362650570594,10,0.5787631851484123,0.03899878371947744,10,0.0,0.0,10,0.8625185350753531,0.013728648602330647,10,0.843987629470561,0.01571161569869741,10,1.106967769063472,0.020625396096562092,10,0.5402764225883655,0.00990940394164578,10,0.6935269534218763,0.020108470945410212,10,0
